stage,split,recipe_band,depth,aspect_ratio,head_dim,model_dim,seed,num_iterations,target_tokens,total_batch_size,device_batch_size,max_seq_len,warmup_steps,fp8,window_pattern,model_tag,n_index,d_index,planned_family,planned_model_depth,planned_data_tokens,planned_total_batch_size,planned_note,sizing_family,target_n_scaling,preflight_n_scaling,target_n_scaling_rel_error,n_geometric_rel_error,target_budget_b,target_budget_c,target_budget_line_residual,target_d_actual,target_line_index,target_num_iterations_float,verification_role
roihu_target_line_hd64_x25_prospective_seed101_102_u0_dep4_md512_it2216_s101,target_line_referee,canonical,4,72,64,512,101,2216,1161822208,524288,16,2048,40,1,L,roihu_target_line_hd64_x25_prospective_seed101_102-u0-dep4-md512-it2216-s101,0,0,roihu_target_line_measured_oracle,4,1161822208,524288,Held-out measured target-budget-line referee row; not used for estimator fitting unless explicitly charged as overhead.,controlled_model_dim_target_line,29360320,29360320,0.0,,1.305337,44.4417180352182,6.931216231009785e-05,1161760517.975502,0,2215.8823356161156,target_line_oracle
roihu_target_line_hd64_x25_prospective_seed101_102_u1_dep4_md640_it1728_s101,target_line_referee,canonical,4,72,64,640,101,1728,905969664,524288,16,2048,40,1,L,roihu_target_line_hd64_x25_prospective_seed101_102-u1-dep4-md640-it1728-s101,1,1,roihu_target_line_measured_oracle,4,905969664,524288,Held-out measured target-budget-line referee row; not used for estimator fitting unless explicitly charged as overhead.,controlled_model_dim_target_line,40632560,40632560,0.0,,1.305337,44.4417180352182,0.00030657631456421086,905756909.5720732,1,1727.594203132769,target_line_oracle
roihu_target_line_hd64_x25_prospective_seed101_102_u2_dep4_md768_it1400_s101,target_line_referee,canonical,4,72,64,768,101,1400,734003200,524288,16,2048,40,1,L,roihu_target_line_hd64_x25_prospective_seed101_102-u2-dep4-md768-it1400-s101,2,2,roihu_target_line_measured_oracle,4,734003200,524288,Held-out measured target-budget-line referee row; not used for estimator fitting unless explicitly charged as overhead.,controlled_model_dim_target_line,53477664,53477664,0.0,,1.305337,44.4417180352182,0.00023737006159052498,733869736.7301931,2,1399.7454390148032,target_line_oracle
roihu_target_line_hd64_x25_prospective_seed101_102_u3_dep4_md896_it1166_s101,target_line_referee,canonical,4,72,64,896,101,1166,611319808,524288,16,2048,40,1,L,roihu_target_line_hd64_x25_prospective_seed101_102-u3-dep4-md896-it1166-s101,3,3,roihu_target_line_measured_oracle,4,611319808,524288,Held-out measured target-budget-line referee row; not used for estimator fitting unless explicitly charged as overhead.,controlled_model_dim_target_line,67895632,67895632,0.0,,1.305337,44.4417180352182,0.000207807225294232,611222494.768546,3,1165.8143897410316,target_line_oracle
roihu_target_line_hd64_x25_prospective_seed101_102_u4_dep4_md1024_it991_s101,target_line_referee,canonical,4,72,64,1024,101,991,519569408,524288,16,2048,40,1,L,roihu_target_line_hd64_x25_prospective_seed101_102-u4-dep4-md1024-it991-s101,4,4,roihu_target_line_measured_oracle,4,519569408,524288,Held-out measured target-budget-line referee row; not used for estimator fitting unless explicitly charged as overhead.,controlled_model_dim_target_line,83886464,83886464,0.0,,1.305337,44.4417180352182,-0.00057331423950302,519797657.07625246,4,991.4353505635308,target_line_oracle
roihu_target_line_hd64_x25_prospective_seed101_102_u5_dep4_md1152_it857_s101,target_line_referee,canonical,4,72,64,1152,101,857,449314816,524288,16,2048,40,1,L,roihu_target_line_hd64_x25_prospective_seed101_102-u5-dep4-md1152-it857-s101,5,5,roihu_target_line_measured_oracle,4,449314816,524288,Held-out measured target-budget-line referee row; not used for estimator fitting unless explicitly charged as overhead.,controlled_model_dim_target_line,101450160,101450160,0.0,,1.305337,44.4417180352182,-0.0001048781221157924,449350917.9317358,5,857.0688589701382,target_line_oracle
roihu_target_line_hd64_x25_prospective_seed101_102_u6_dep4_md1280_it751_s101,target_line_referee,canonical,4,72,64,1280,101,751,393740288,524288,16,2048,40,1,L,roihu_target_line_hd64_x25_prospective_seed101_102-u6-dep4-md1280-it751-s101,6,6,roihu_target_line_measured_oracle,4,393740288,524288,Held-out measured target-budget-line referee row; not used for estimator fitting unless explicitly charged as overhead.,controlled_model_dim_target_line,120586720,120586720,0.0,,1.305337,44.4417180352182,0.0003500375275109491,393634717.2552755,6,750.7986397843847,target_line_oracle
roihu_target_line_hd64_x25_prospective_seed101_102_u7_dep4_md1408_it665_s101,target_line_referee,canonical,4,72,64,1408,101,665,348651520,524288,16,2048,40,1,L,roihu_target_line_hd64_x25_prospective_seed101_102-u7-dep4-md1408-it665-s101,7,7,roihu_target_line_measured_oracle,4,348651520,524288,Held-out measured target-budget-line referee row; not used for estimator fitting unless explicitly charged as overhead.,controlled_model_dim_target_line,141296144,141296144,0.0,,1.305337,44.4417180352182,8.560227868770198e-05,348628656.6428809,7,664.9563916070574,target_line_oracle
roihu_target_line_hd64_x25_prospective_seed101_102_u8_dep4_md1536_it594_s101,target_line_referee,canonical,4,72,64,1536,101,594,311427072,524288,16,2048,40,1,L,roihu_target_line_hd64_x25_prospective_seed101_102-u8-dep4-md1536-it594-s101,8,8,roihu_target_line_measured_oracle,4,311427072,524288,Held-out measured target-budget-line referee row; not used for estimator fitting unless explicitly charged as overhead.,controlled_model_dim_target_line,163578432,163578432,0.0,,1.305337,44.4417180352182,-0.0008624420371035058,311632901.25827754,8,594.3925881543685,target_line_oracle
roihu_target_line_hd64_x25_prospective_seed101_102_u0_dep4_md512_it2216_s102,target_line_referee,canonical,4,72,64,512,102,2216,1161822208,524288,16,2048,40,1,L,roihu_target_line_hd64_x25_prospective_seed101_102-u0-dep4-md512-it2216-s102,0,0,roihu_target_line_measured_oracle,4,1161822208,524288,Held-out measured target-budget-line referee row; not used for estimator fitting unless explicitly charged as overhead.,controlled_model_dim_target_line,29360320,29360320,0.0,,1.305337,44.4417180352182,6.931216231009785e-05,1161760517.975502,0,2215.8823356161156,target_line_oracle
roihu_target_line_hd64_x25_prospective_seed101_102_u1_dep4_md640_it1728_s102,target_line_referee,canonical,4,72,64,640,102,1728,905969664,524288,16,2048,40,1,L,roihu_target_line_hd64_x25_prospective_seed101_102-u1-dep4-md640-it1728-s102,1,1,roihu_target_line_measured_oracle,4,905969664,524288,Held-out measured target-budget-line referee row; not used for estimator fitting unless explicitly charged as overhead.,controlled_model_dim_target_line,40632560,40632560,0.0,,1.305337,44.4417180352182,0.00030657631456421086,905756909.5720732,1,1727.594203132769,target_line_oracle
roihu_target_line_hd64_x25_prospective_seed101_102_u2_dep4_md768_it1400_s102,target_line_referee,canonical,4,72,64,768,102,1400,734003200,524288,16,2048,40,1,L,roihu_target_line_hd64_x25_prospective_seed101_102-u2-dep4-md768-it1400-s102,2,2,roihu_target_line_measured_oracle,4,734003200,524288,Held-out measured target-budget-line referee row; not used for estimator fitting unless explicitly charged as overhead.,controlled_model_dim_target_line,53477664,53477664,0.0,,1.305337,44.4417180352182,0.00023737006159052498,733869736.7301931,2,1399.7454390148032,target_line_oracle
roihu_target_line_hd64_x25_prospective_seed101_102_u3_dep4_md896_it1166_s102,target_line_referee,canonical,4,72,64,896,102,1166,611319808,524288,16,2048,40,1,L,roihu_target_line_hd64_x25_prospective_seed101_102-u3-dep4-md896-it1166-s102,3,3,roihu_target_line_measured_oracle,4,611319808,524288,Held-out measured target-budget-line referee row; not used for estimator fitting unless explicitly charged as overhead.,controlled_model_dim_target_line,67895632,67895632,0.0,,1.305337,44.4417180352182,0.000207807225294232,611222494.768546,3,1165.8143897410316,target_line_oracle
roihu_target_line_hd64_x25_prospective_seed101_102_u4_dep4_md1024_it991_s102,target_line_referee,canonical,4,72,64,1024,102,991,519569408,524288,16,2048,40,1,L,roihu_target_line_hd64_x25_prospective_seed101_102-u4-dep4-md1024-it991-s102,4,4,roihu_target_line_measured_oracle,4,519569408,524288,Held-out measured target-budget-line referee row; not used for estimator fitting unless explicitly charged as overhead.,controlled_model_dim_target_line,83886464,83886464,0.0,,1.305337,44.4417180352182,-0.00057331423950302,519797657.07625246,4,991.4353505635308,target_line_oracle
roihu_target_line_hd64_x25_prospective_seed101_102_u5_dep4_md1152_it857_s102,target_line_referee,canonical,4,72,64,1152,102,857,449314816,524288,16,2048,40,1,L,roihu_target_line_hd64_x25_prospective_seed101_102-u5-dep4-md1152-it857-s102,5,5,roihu_target_line_measured_oracle,4,449314816,524288,Held-out measured target-budget-line referee row; not used for estimator fitting unless explicitly charged as overhead.,controlled_model_dim_target_line,101450160,101450160,0.0,,1.305337,44.4417180352182,-0.0001048781221157924,449350917.9317358,5,857.0688589701382,target_line_oracle
roihu_target_line_hd64_x25_prospective_seed101_102_u6_dep4_md1280_it751_s102,target_line_referee,canonical,4,72,64,1280,102,751,393740288,524288,16,2048,40,1,L,roihu_target_line_hd64_x25_prospective_seed101_102-u6-dep4-md1280-it751-s102,6,6,roihu_target_line_measured_oracle,4,393740288,524288,Held-out measured target-budget-line referee row; not used for estimator fitting unless explicitly charged as overhead.,controlled_model_dim_target_line,120586720,120586720,0.0,,1.305337,44.4417180352182,0.0003500375275109491,393634717.2552755,6,750.7986397843847,target_line_oracle
roihu_target_line_hd64_x25_prospective_seed101_102_u7_dep4_md1408_it665_s102,target_line_referee,canonical,4,72,64,1408,102,665,348651520,524288,16,2048,40,1,L,roihu_target_line_hd64_x25_prospective_seed101_102-u7-dep4-md1408-it665-s102,7,7,roihu_target_line_measured_oracle,4,348651520,524288,Held-out measured target-budget-line referee row; not used for estimator fitting unless explicitly charged as overhead.,controlled_model_dim_target_line,141296144,141296144,0.0,,1.305337,44.4417180352182,8.560227868770198e-05,348628656.6428809,7,664.9563916070574,target_line_oracle
roihu_target_line_hd64_x25_prospective_seed101_102_u8_dep4_md1536_it594_s102,target_line_referee,canonical,4,72,64,1536,102,594,311427072,524288,16,2048,40,1,L,roihu_target_line_hd64_x25_prospective_seed101_102-u8-dep4-md1536-it594-s102,8,8,roihu_target_line_measured_oracle,4,311427072,524288,Held-out measured target-budget-line referee row; not used for estimator fitting unless explicitly charged as overhead.,controlled_model_dim_target_line,163578432,163578432,0.0,,1.305337,44.4417180352182,-0.0008624420371035058,311632901.25827754,8,594.3925881543685,target_line_oracle
